ts	phase	decision	why	evidence	result
2026-09-09T18:08:37Z	frame	Forked zenspc/pi-extensions and isolated the role refactor on feature/atomic-pstack-roles	Keep upstream history while giving the fork one writable branch and worktree	base 10eb5399458a3946d287edba8d6cbfcf16952658	worktree ready
2026-09-09T18:08:37Z	design	Selected the Astra design with limited GLM grafts	Keep honest cardinality and safe migration while retaining already-atomic role names and generated role documentation	/tmp/pstack-role-architect/astra/design.md; /tmp/pstack-role-architect/glm/design.md; cross-judge bc6a7e4d	22-role v2 contract chosen
2026-09-09T18:08:37Z	baseline	Recorded the upstream package test failure before edits	The full test command depends on another developer home path, so its failure is a harness defect rather than role behavior	packages/pi-pstack/scripts/reground-from-cursor.test.mjs:7; pnpm --filter @zenspc/pi-pstack test	35 pass, 1 baseline failure
2026-09-09T18:42:43Z	harness	Replaced the developer-specific re-ground test dependency with disposable fixtures	A package test must run from any checkout and must not depend on another developer home directory	packages/pi-pstack/scripts/reground-from-cursor.test.mjs; /tmp/pstack-unit1-test.log	37 tests pass; package check passes
2026-09-09T18:42:43Z	delegation	Recovered implementation unit 1 after the local Qwen worker timed out	The worker had completed a focused diff, so the parent inspected it, removed one inaccurate comment, and reran the real suite	run 730f3584; packages/pi-pstack/scripts/reground-from-cursor.test.mjs	accepted after repair
2026-09-09T19:08:00Z\tunit-2-green\tImplemented 22-role v2 registry, pure decode/migration diagnostics, isolated load/save/backup boundary, effort-preserving selectors, cardinality validation, byte-verified migration backup, and behavior tests\tpnpm --filter @zenspc/pi-pstack test: 65/65 pass; pnpm check: pass; git diff --check: pass
2026-09-09T19:35:00Z\tunit-3-green\tWired v2 registry into prompt, status, setup, migration, and skills toggles; added effort-preserving scoped choices and no-clobber/unchanged-byte setup persistence\tpnpm --filter @zenspc/pi-pstack test: 89/89 pass; pnpm check: pass; git diff --check: pass
2026-09-09T20:30:00Z\tunit-4-green\tMigrated role-consuming skills and the re-ground pipeline to the 22 atomic v2 roles, generated MODEL-ROLES.md from the registry, added an exact-line consumer drift test, deleted the v1 runtime API from config.ts, and removed drop-how-critics\tpnpm --filter @zenspc/pi-pstack test: 76/76 pass; pnpm check: pass; git diff --check: pass
2026-09-09T20:31:00Z	audit-correction	Corrected literal-backslash tab formatting for unit checkpoints 2 through 4; earlier rows remain append-only	Units 2, 3, and 4 are verified by the adjacent corrected checkpoint rows
2026-09-09T20:31:01Z	unit-2-green-corrected	22-role registry, v2 migration diagnostics, isolated persistence, byte-verified backup	65/65 package tests; pnpm check; git diff --check
2026-09-09T20:31:02Z	unit-3-green-corrected	v2 runtime prompt, status, setup, effort preservation, no-clobber persistence	89/89 package tests; pnpm check; git diff --check
2026-09-09T20:31:03Z	unit-4-green-corrected	atomic role consumers, generated role reference, reground protection, legacy API deletion	76/76 package tests; pnpm check; git diff --check
2026-09-09T20:45:00Z	unit-5-docs	Added fork installation instructions and a minor release changeset for atomic model roles	README links generated role reference; changeset targets @zenspc/pi-pstack
